IDR,Sequence 
P23193:80-132,PSTEKDLDEKKKEPAITSQNSPEAREESTSSGNVSNRKDETNARDTYVSSFPR
P84101:1-59,MTRGNQRELARQKNMKKQSDSVKGKRRDDGLSAAARKQRDSEIMQQKQKKANEKKEEPK
Q9UBP0:278-312,VKQGSGPAPTTHKGTPKTNRTNKPSTPTTATRKKK
Q9UBP0:1-43,MNSPGGRGKKKGSGGASNPVPPRPPPPCLAPAPPAAGPAPPPE
Q9UBP0:224-266,HLQSESGAVPKRKDPLTHTSNSLPRSKTVMKTGSAGLSGHHRA
Q9UBC2:350-381,PPQVLSPDMVPPSERGTPGPDSSGSLGSGEFT
Q9UBC2:221-261,GAVPVLPASPPPKDSLRSTPSHGSVSSLNSTGSLSPKHSLK
Q9UBC2:614-859,ELHPDPFQTEDPFKSDPFKGADPFKGDPFQNDPFAEQQTTSTDPFGGDPFKESDPFRGSATDDFFKKQTKNDPFTSDPFTKNPSLPSKLDPFESSDPFSSSSVSSKGSDPFGTLDPFGSGSFNSAEGFADFSQMSKPPPSGPFTSSLGGAGFSDDPFKSKQDTPALPPKKPAPPRPKPPSGKSTPVSQLGSADFPEAPDPFQPLGADSGDPFQSKKGFGDPFSGKDPFVPSSAAKPSKASASGFAD
P33176:908-963,SKNMARRGHSAQIAKPIRPGQHPAASPTHPSAIRGGGAFVQNSQPVAVRGGGGKQV
Q13952:305-379,QQQFSQFTDGQRNSVQQARVSELTGEAEPREVKATGNSTPCTSSLPTTHPPSHRAGASCVCCSQPQQSSTSPPPS
Q15025:252-283,MSNGNKEGASGRPGSPKMEGTGKKAVAGQQQA
Q15025:603-636,GGVRNPNQSSQVMDPPTARPTEPESPKNDREGPQ
Q15025:62-151,KAEELVKDNELLPPPSPSLGSFDPLAELTGKDSNVTASPTAPACPSDKPAPVQKPPSSGTSSEFEVVTPEEQNSPESSSHANAMALGPLP
Q6UVJ0:615-657,SQNLFSNSDHQRDGTLGALHTSSKPTALPSASSAYFPGQLPNS
P49247:22-67,AGGAASGGGGNSWDLPGSHVRLPGRAQSGTRGGAGNTSTSCGDSNS
Q9NP79:179-233,EDAGAASLPTQPTQPSSSSTYDPSNMPSGNYTGIQIPPGAHAPANTPAEVPHSTG
Q7Z422:30-152,TQKESRKSKSPPKVPIVIQDDSLPAGPPPQIRILKRPTSNGVVSSPNSTSRPTLPVKSLAQREAEYAEARKRILGSASPEEEQEKPILDRPTRISQPEDSRQPNNVIRQPLGPDGSQGFKQRR
Q9BRP8:1-32,MEAAGSPAATETGKYIASTQRPDGTWRKQRRV
Q9BRP8:55-151,SKPELPPGLSPEATAPVTPSRPEGGEPGLSKTAKRNLKRKEKRRQQQEKGEAEALSRTLDKVSLEETAQLPSAPQGSRAAPTAASDQPDSAATTEKA
Q9P016:1-47,MSRPRKRLAGTSGSDKGLSGKRTKTENSGEALAKVEDSNPQKTSATK
Q7Z7A4:437-548,IHQHRRLTRAQSHHGSEEERKKRKILARKKSKRSALENSEEHSAKYSNSNNSAGSGASSPLTSPSSPTPPSTSGISALPPPPPPPPPPAAPLPPASTEAPAQLSSQAVNGMS
Q8NF91:8246-8279,DSLLSPQPSSNLSLSLAQPLRSERSGRDTPASVD
Q8NF91:8671-8733,SWSSADELDTSGSVSPTSGRSTPNRQKTPRGKCSLSQPGPSVSSPHSRSTKGGSDSSLSEPGP
Q9BTL3:30-112,LKRPPESPPIVEEWNSRAGGNQRNRGNRLQDNRQFRGRDNRWGWPSDNRSNQWHGRSWGNNYPQHRQEPYYPQQYGHYGYNQR
Q9UQ80:358-394,LQSSASRKTQKKKKKKASKTAENATSGETLEENEAGD
O60749:1-104,MAAEREPPPLGDGKPTDFEDLEDGEDLFTSTVSTLESSPSSPEPASLPAEDISANSNGPKPTEVVLDDDREDLFAEATEEVSLDSPEREPILSSEPSPAVTPVT
P82970:1-282,MPKRKAAGQGDMRQEPKRRSARLSAMLVPVTPEVKPKRTSSSRKMKTKSDMMEENIDTSAQAVAETKQEAVVEEDYNENAKNGEAKITEAPASEKEIVEVKEENIEDATEKGGEKKEAVAAEVKNEEEDQKEDEEDQNEEKGEAGKEDKDEKGEEDGKEDKNGNEKGEDAKEKEDGKKGEDGKGNGEDGKEKGEDEKEEEDRKETGDGKENEDGKEKGDKKEGKDVKVKEDEKEREDGKEDEGGNEEEAGKEKEDLKEEEEGKEEDEIKEDDGKKEEPQSIV
P51617:613-660,APLREAGCPQGDTAGESSWGSGPGSRPTAVEGLALGSSASSSSEPPQI
P51617:532-591,SEAASCIPPSPQENSYVSSTGRAHSGAAPWQPLAAPSGASAQAAEQLQRGPNQPVESDES
P51617:105-187,PAPLPSPGTTAPRPSSIPAPAEAEAWSPRKLPSSASTFLSPAFPGSQTHSGPELGLVPSPASLWPPPPSPAPSSTKPGPESSV
P17931:1-60,MADNFSLHDALSGSGNPNPQGWPGAWGNQPAGAGGYPGASYPGAYPGQAPPGAYPGQAPP
Q7Z7F0:567-614,YAADSSDEEEEHGGHKNASSFPQGWSLGYQYPSSQPRAKQQMPFWMAP
Q7Z7F0:1-51,MSAGSATHPGAGGRRSKWDQPAPAPLLFLPPAAPGGEVTSSGGSPGGTTAA
Q7Z7F0:413-554,QVQPPASTGQSPMGGPFIPAAPVKTALPAGPQPQPQPQPPLPSQPQAQKRRFTEELPDERESGLLGYQHGPIHMTNLGTGFSSQNEIEGAGSKPASSSGKERERDRQLMPPPAFPVTGIKTESDERNGSGTLTGSHDYPAKK
Q15056:121-248,QDKGGFGFRKGGPDDRGMGSSRESRGGWDSRDDFNSGFRDDFLGGRGGSRPGDRRTGPPMGSRFRDGPPLRGSNMDFREPTEEERAQRPRLQLKPRTVATPLNQVANPNSAIFGGARPREEVVQKEQE
Q14814:174-207,TDPRLLSPQQPALQRNSVSPGLPQRPASAGAMLG
Q14814:357-407,SLGNVTAWQQPQQPQQPQQPQPPQQQPPQPQQPQPQQPQQPQQPPQQQSHL
Q14814:437-517,SIKSEPVSPSRERSPAPPPPAVFPAARPEPGDGLSSPAGGSYETGDRDDGRGDFGPTLGLLRPAPEPEAEGSAVKRMRLDT
P10515:184-217,SAAPTPQAAPAPTPAATASPPTPSAQAPGSSYPP
P10515:312-346,TDLKPQVPPPTPPPVAAVPPTPQPLAPTPSAPCPA
Q96TA1:590-733,GEEYSNSGGGGSPSPSTPESATLSEKRRRAKQVVSVVQDEEVGLPFEASPESPPPASPDGVTEIRGLLAQGLRPESPPPAGPLLNGAPAGESPQPKAAPEASSPPASPLQHLLPGKAVDLGPPKPSDQETGEQVSSPSSHPALH
P26583:162-209,YRAKGKSEAGKKGPGRPTGSKKKNEPEDEEEEEEEEDEDEEEEDEDEE
P26583:52-150,MSAKEKSKFEDMAKSDKARYDREMKNYVPPKGDKKGKKKDPNAPKRPPSAFFLFCSEHRPKIKSEHPGLSIGDTAKKLGEMWSEQSAKDKQPYEQKAAK
Q92783:500-540,NAGPNMPQVPNYNLTSSTLPQPGGSQQPPQPQQPYSQKALL
Q8TDR2:32-176,VESHGSLGAQASPASAAAAEGSATRRARAATSRAARSRRQPGPGADHPQAGAPGGKRAARKWRCAGQVTIQGPAPPRPRAGRRDEAGGARAAPLLLPPPPAAMETGKDGARRGTQSPERKRRSPVPRAPSTKLRPAAAARAMDPV
Q9Y2I9:770-806,AEAFPSGCTATAGREGSSPEGSTRRTIEGQSPEPVFG
Q9Y2I9:94-134,EEEEAAGGGRGAEGRRRRRDSLDSSTEASGSDVVLGGRSGA
Q9Y2I9:1-76,MDVLPTGGGRPGLRTELEFRGGGGEARLESQEEETIPAAPPAPRLRGAAERPRRSRDTWDGDEDTEPGEACGGRTS
Q9Y2S6:1-64,MSGREGGKKKPLKQPKKQAKEMDEEDKAFKQKQKEEQKKLEELKAKAAGKGPLATGGIKKSGKK
O00401:266-406,EAVKNELRRQAPPPPPPSRGGPPPPPPPPHNSGPPPPPARGRGAPPPPPSRAPTAAPPPPPPSRPSVAVPPPPPNRMYPPPPPALPSSAPSGPPPPPPSVLGVGPVAPPPPPPPPPPPGPPPPPGLPSDGDHQVPTTAGNK
Q96H79:252-292,NTDNSSPSTEHSQGLEKQGVHAAGAAEAGPLASVPAQSAKK
Q02833:301-356,AALPPPPRPDRGPPGTQGPLPPAREESLLGAPSESHAGAQPRPRGGPHDAELLEVA
Q96G25:193-268,NWRPSGSSGPGQAGQPGAGTILAGTSGLQQVQMAGAPSQQQPMLSGVQMAQAGQPGKMPSGIKTNIKSASMHPYQR
Q96IZ0:1-250,MATGGYRTSSGLGGSTTDFLEEWKAKREKMRAKQNPPGPAPPGGGSSDAAGKPPAGALGTPAAAAANELNNNLPGGAPAAPAVPGPGGVNCAVGSAMLTRAAPGPRRSEDEPPAASASAAPPPQRDEEEPDGVPEKGKSSGPSARKGKGQIEKRKLREKRRSTGVVNIPAAECLDEYEDDEAGQKERKREDAITQQNTIQNEAVNLLDPGSSYLLQEPPRTVSGRYKSTTSVSEEDVSSRYSRTDRSGFP
P50579:1-118,MAGVEEVAASGSHLNGDLDPDDREEGAASTAEEAAKKKRRKKKKSKGPSAAGEQEPDKESGASVDEVARQLERSALEDKERDEDDEDGDGDGDGATGKKKKKKKKKRGPKVQTDPPSV
Q15004:23-111,RKVLGSSTSATNSTSVSSRKAENKYAGGNPVCVRPTPKWQKGIGEFFRLSPKDSEKENQIPEEAGSSGLGKAKRKACPLQPDHTNDEKE
P12270:1619-1674,EHQERHLEQRDEPQEPSNKVPEQQRQITLKTTPASGERGIASTSDPPTANIKPTPV
P12270:2227-2363,ESTTSDASEHASQSVPMVTTSTGTLSTTNETATGDDGDEVFVEAESEGISSEAGLEIDSQQEEEPVQASDESDLPSTSQDPPSSSSVDTSSSQPKPFRRVRLQTTLRQGVRGRQFNRQRGVSHAMGGRGGINRGNIN
P12270:1803-2134,SSPVERPSTSTAVFGTVSATPSSSLPKRTREEEEDSTIEASDQVSDDTVEMPLPKKLKSVTPVGTEEEVMAEESTDGEVETQVYNQDSQDSIGEGVTQGDYTPMEDSEETSQSLQIDLGPLQSDQQTTTSSQDGQGKGDDVIVIDSDDEEEDDDENDGEHEDYEEDEEDDDDDEDDTGMGDEGEDSNEGTGSADGNDGYEADDAEGGDGTDPGTETEESMGGGEGNHRAADSQNSGEGNTGAAESSFSQEVSREQQPSSASERQAPRAPQSPRRPPHPLPPRLTIHAPPQELGPPVQRIQMTRRQSVGRGLQLTPGIGGMQQHFFDDEDRTV
O60784:171-212,NSETQSGQDSVGTDSSQQEDSGQHAAPLPAPPILSGDTPIAP
O60784:428-492,VGNDAEEPKGVTSEEFDKFLEERAKAADRLPNLSSPSAEGPPGPPSGPAPRKKTQEKDDDMLFAL
P50552:111-343,EALEGGGPPPPPALPTWSVPNGPSPEEVEQQKRQQPGPSEHIERRVSNAGGPPAPPAGGPPPPPGPPPPPGPPPPPGLPPSGVPAAAHGAGGGPPPAPPLPAAQGPGGGGAGAPGLAAAIAGAKLRKVSKQEEASGGPTAPKAESGRSGGGGLMEEMNAMLARRRKATQVGEKTPKDESANQEEPEARVPAQSESVRRPWEKNSTTLPRMKSSSSVTTSETQPCTPSSSDYSD
Q96BD5:82-118,NKLQTAQQQPLQQLQQQQQYHHHHAQQSAAASPNLTA
Q96BD5:639-680,TVGAISNGPDCTPPANAATSTPAPSPSSQSCTANCNQGEETK
Q96BD5:318-363,PQTVQLSKPSLEKQTVKSHTETDEKQTESRTITPPAAPKPKREENP
P25786:232-263,FLEGLEERPQRKAQPAQPADEPAEKADEPMEH
Q96B97:159-200,SDELGISQDEQLSKSSLRETTGSESDGGDSSSTKSEGANGTV
Q96B97:328-444,PDFEKEGNRPKKPPPPSAPVIKQGAGTTERKHEIKKIPPERPEMLPNRTEEKERPEREPKLDLQKPSVPAIPPKKPRPPKTNSLSRPGALPPRRPERPVGPLTHTRGDSPKIDLAGS
Q96B97:467-608,DSVVSSTEKLSHPTTSRPKATGRRPPSQSLTSSSLSSPDIFDSPSPEEDKEEHISLAHRGVDASKKTSKTVTISQVSDNKASLPPKPGTMAAGGGGPAPLSSAAPSPLSSSLGTAGHRANSPSLFGTEGKPKMEPAASSQAA
Q9P2E9:1330-1362,EKLRTAGPLESSETEEASQLKERLEKEKKLTSD
Q9P2E9:1377-1410,TQEQLAREKDTVKKLQEQLEKAEDGSSSKEGTSV
Q9P2E9:45-90,QRKEMAKTHHQKVEKKKKEKTVEKKGKTKKKEEKPNGKIPDHDPAP
Q9P2E9:173-646,APKEVPMVVVPPVGAKGNTPATGTTQGKKAEGTQNQSKKAEGAPNQGRKAEGTPNQGKKTEGTPNQGKKAEGTPNQGKKAEGTPNQGKKAEGAQNQGKKVDTTPNQGKKVEGAPTQGRKAEGAQNQAKKVEGAQNQGKKAEGAQNQGKKGEGAQNQGKKAEGAQNQGKKAEGAQNQGKKAEGAQNQGKKAEGAQNQGKKAEGAQNQGKKAEGAQNQGKKVEGAQNQGKKAEGAQNQGKKAEGAQNQGKKAEGAQNQGKKAEGAQNQGKKAEGAQNQGKKAEGAQNQGKKAEGAQNQGKKVEGAQNQGKKAEGAQNQGKKAEGAQNQGKKAEGAQNQGQKGEGAQNQGKKTEGAQGKKAERSPNQGKKGEGAPIQGKKADSVANQGTKVEGITNQGKKAEGSPSEGKKAEGSPNQGKKADAAANQGKKTESASVQGRNTDVAQSPEAPKQEAPAKKKSGSKKKGEPGPPDADGPL
Q8IYB5:408-467,KFGLPQAQQPQWSLSQMNQQMAGMSISSATPTAGFGQPSSTTAGWSGSSSGQTLSTQLWK
Q8IYB5:145-224,PLQPLVSSPSLQAAVDKNKLEKEKEKKKEEKKREKEPEKPAKPLTAEKLQKKDQQLEPKKSTSPKKAAEPTVDLLGLDGP
O15355:512-546,ELQPESGKRKLEEVLSTEGAEENGNSDKKKKAKRD
O15355:161-328,GQNCHKGPPHSKSGGGTGEEPGSQGLNGEAGPEDSTRETPSQENGPTAKAYTGFSSNSERGTEAGQVGEPGIPTGEAGPSCSSASDKLPRVAKSKFFEDSEDESDEAEEEEEDSEECSEEEDGYSSEEAENEEDEDDTEEAEEDDEEEEEEMMVPGMEGKEEPGSDSG
P82909:20-69,TPLIRFPDRRDNPKPNVSEALRSAGLPSHSSVISQHSKGSKSPDLLMYQG
A1X283:277-366,KNSGEPLPPKPGPGSPSHPGALDLDGVSRQQNAVGREKELLSSQRDGRFEGRPVPDGDAKQRSPKMRQRPPPRRDMTIPRGLNLPKPPIP
A1X283:458-834,NTGSEATGPSRPLPDAPHGVMDSGLPWSKDWKGSKDVLRKASSDMSASAGYEEISDPDMEEKPSLPPRKESIIKSEGELLERERERQRTEQLRGPTPKPPGVILPMMPAKHIPPARDSRRPEPKPDKSRLFQLKNDMGLECGHKVLAKEVKKPNLRPISKSKTDLPEEKPDATPQNPFLKSRPQVRPKPAPSPKTEPPQGEDQVDICNLRSKLRPAKSQDKSLLDGEGPQAVGGQDVAFSRSFLPGEGPGRAQDRTGKQDGLSPKEISCRAPPRPAKTTDPVSKSVPVPLQEAPQQRPVVPPRRPPPPKKTSSSSRPLPEVRGPQCEGHESRAAPTPGRALLVPPKAKPFLSNSLGGQDDTRGKGSLGPWGTGKIGE
P08047:567-597,LHGAGGDGIHDDTAGGEEGENSPDAQPQAGR
P08047:109-141,IISSSSGATPTSKEQSGSSTNGSNGSESSKNRT
P08047:329-394,TTTTTSNMGIMNFTTSGSSGTNSQGQTPQRVSGLQGSDALNIQQNQTSGGSLQAGQQKEGEQNQQT
P08047:1-93,MSDQDHSMDEMTAVVKIEKGVGGNNGGNGNGGGAFSQARSSSTGSSSSTGGGGQESQPSPLALLAATCSRIESPNENSNNSQGPSQSGGTGEL
P49589:653-685,EKRRVEEEKRKKKEEAARRKQEQEAAKLAKMKI
Q16186:194-259,LLGSSGPPGSSSSSSSRSQSAAVTPSSTTSSTRATPAPSAPAAASATSPSPAPSSGNGASTAASPT
Q9UKY7:1-234,MAETEERSLDNFFAKRDKKKKKERSNRAASAAGAAGSAGGSSGAAGAAGGGAGAGTRPGDGGTASAGAAGPGAATKAVTKDEDEWKELEQKEVDYSGLRVQAMQISSEKEEDDNEKRQDPGDNWEEGGGGGGGMEKSSGPWNKTAPVQAPPAPVIVTETPEPAMTSGVYRPPGARLTTTRKTPQGPPEIYSDTQFPSLQSTAKHVESRKDKEMEKSFEVVRHKNRGRDEVSKNQ
P05114:1-100,MPKRKVSSAEGAAKEEPKRRSARLSAKPPAKVEAKPKKAAAKDKSSDKKVQTKGKRGAKGKQAEVANQETKEDLPAENGETKTEESPASDEAGEKEAKSD
P29692:118-172,SSPGHRATAPQTQHVSPMRQVEPPAKKPATPAEDDEDDDIDLFGSDNEEEDKEAA
P09497:1-82,MADDFGFFSSSESGAPEAAEEDPAAAFLAQQESEIAGIENDEGFGAPAGSHAAPAQPGPTSGAGSEDMGTTVNGDVFQEANG
O14556:19-68,QPCPVTRAPPPPEPKAEVEPQPQPEPTPVREEIKPPPPPLPPHPATPPPK
P12109:254-590,PARGPPGLRGDPGFEGERGKPGLPGEKGEAGDPGRPGDLGPVGYQGMKGEKGSRGEKGSRGPKGYKGEKGKRGIDGVDGVKGEMGYPGLPGCKGSPGFDGIQGPPGPKGDPGAFGLKGEKGEPGADGEAGRPGSSGPSGDEGQPGEPGPPGEKGEAGDEGNPGPDGAPGERGGPGERGPRGTPGTRGPRGDPGEAGPQGDQGREGPVGVPGDPGEAGPIGPKGYRGDEGPPGSEGARGAPGPAGPPGDPGLMGERGEDGPAGNGTEGFPGFPGYPGNRGAPGINGTKGYPGLKGDEGEAGDPGDDNNDIAPRGVKGAKGYRGPEGPQGPPGHQGPPG
P12110:257-297,PSGPKGYRGQKGAKGNMGEPGEPGQKGRQGDPGIEGPIGFP
P12110:313-588,GADGRKGAPGLAGKNGTDGQKGKLGRIGPPGCKGDPGNRGPDGYPGEAGSPGERGDQGGKGDPGRPGRRGPPGEIGAKGSKGYQGNSGAPGSPGVKGAKGGPGPRGPKGEPGRRGDPGTKGSPGSDGPKGEKGDPGPEGPRGLAGEVGNKGAKGDRGLPGPRGPQGALGEPGKQGSRGDPGDAGPRGDSGQPGPKGDPGRPGFSYPGPRGAPGEKGEPGPRGPEGGRGDFGLKGEPGRKGEKGEPADPGPPGEPGPRGPRGVPGPEGEPGPPGDPG
Q99700:1137-1219,NATLHPHTPHPQPSATPTGQQQSQHGGSHPAPSPVQHHQHQAAQALHLASPQQQSAIYHAGLAPTPPSMTPASNTQSPQNSFP
Q99700:1-254,MRSAAAAPRSPAVATESRRFAAARWPGWRSLQRPARRSGRGGGGAAPGPYPSAAPPPPGPGPPPSRQSSPPSASDCFGSNGNGGGAFRPGSRRLLGLGGPPRPFVVLLLPLASPGAPPAAPTRASPLGARASPPRSGVSLARPAPGCPRPACEPVYGPLTMSLKPQQQQQQQQQQQQQQQQQQQQQQQPPPAAANVRKPGGSGLLASPAAAPSPSSSSVSSSSATAPSSVVAATSGGGRPGLGRGRNSNKGLPQ
Q99700:459-954,ALENDDRSEEEKYTAVQRNSSEREGHSINTRENKYIPPGQRNREVISWGSGRQNSPRMGQPGSGSMPSRSTSHTSDFNPNSGSDQRVVNGGVPWPSPCPSPSSRPPSRYQSGPNSLPPRAATPTRPPSRPPSRPSRPPSHPSAHGSPAPVSTMPKRMSSEGPPRMSPKAQRHPRNHRVSAGRGSISSGLEFVSHNPPSEAATPPVARTSPSGGTWSSVVSGVPRLSPKTHRPRSPRQNSIGNTPSGPVLASPQAGIIPTEAVAMPIPAASPTPASPASNRAVTPSSEAKDSRLQDQRQNSPAGNKENIKPNETSPSFSKAENKGISPVVSEHRKQIDDLKKFKNDFRLQPSSTSESMDQLLNKNREGEKSRDLIKDKIEPSAKDSFIENSSSNCTSGSSKPNSPSISPSILSNTEHKRGPEVTSQGVQTSSPACKQEKDDKEEKKDAAEQVRKSTLNPNAKEFNPRSFSQPKPSTTPTSPRPQAQPSPSMVGHQQP
P09496:1-92,MAELDPFGAPAGAPGGPALGNGVAGAGEEDPAAAFLAQQESEIAGIENDEAFAILDGGAPGPQPHGEPPGGPDAVDGVMNGEYYQESNGPTD
P18846:1-61,MEDSHKSTTSETAPQPGSAVQGAHISHIAQQVSSLSESEESQDSSDSIGSSQKAHGILARR
P50995:1-37,MSYPGYPPPPGGYPPAAPGGGPWGGAAYPPPPSMPPI
P50995:84-192,PVPPGGFGQPPSAQQPVPPYGMYPPPGGNPPSRMPSYPPYPGAPVPGQPMPPPGQQPPGAYPGQPPVTYPGQPPVPLPGQQQPVPSYPGYPGSGTVTPAVPPTQFGSRG
P17544:110-148,EPVEVDSSPPDSPASSPCSPPLKEKEVTPKPVLISTPTP
P17544:299-340,HPDAPSPAQPQVSPAQPTPSTGGRRRRTVDEDPDERRQRFLE
O43310:43-90,DKTEGDGESERTQSHISQWTADCSEPLDSSCSFSRGRAPPQQNGSKDN
O43310:180-336,IAHTKKLFRRRRNDRRRQQRPPGGNKPQQHGDHQPGSAKHNRDHQKSYQGGSAPHPSGRPTHHGYSQNRRWHHGNMKHPPGDKGEAGAHRNAKETMTIENPKLEDTAGDTGHSSLEAPRSPDTLAPVASERLPPQQSGGPEVETKRKDSILPERIGE
P51397:1-102,MSSPPEGKLETKAGHPPAVKAGGMRIVQKHPHTGDTKEEKDKDDQEWESPSPPKPTVFISGVIARGDKDFPPAAAQVAHQKPHASMDKHPSPRTQHIQQPRK
Q8N8S7:115-146,ETGPTLPRQNSQLPAQVQNGPSQEELEIQRRQ
Q8N8S7:405-549,SRMEDTSFPSGGNAIGVNSASSKTDTGRGNGPLPLGGSGLMEEMSALLARRRRIAEKGSTIETEQKEDKGEDSEPVTSKASSTSTPEPTRKPWERTNTMNGSKSPVISRRDSPRKNQIVFDNRSYDSLHRPKSTPLSQPSANGVQ
Q8N8S7:221-379,RLDRERQERQERERLERLERERQERERQEQLEREQLEWERERRISSAAAPASVETPLNSVLGDSSASEPGLQAASQPAETPSQQGIVLGPLAPPPPPPLPPGPAQASVALPPPPGPPPPPPLPSTGPPPPPPPPPLPNQVPPPPPPPPAPPLPASGFFL
Q96K17:122-158,RQVLDSKAPKPEDIDEEDDDVPDLVENFDEASKNEAN
Q92793:1-41,MAENLLDGPPNPKRAKLSSPGFSANDSTDFGSLFDLENDLP
Q92793:1977-2028,INNSMPPGRTGMGTPGSQMAPVSLNVPRPNQVSGPVMPSMPPGQWQQAPLPQ
Q92793:1556-1615,LEQEEEERKKEESTAASETTEGSQGDSKNAKKKNNKKTNKNKSSISRANKKKPSMPNVSN
Q92793:1874-1959,TRNVPQQSLPSPTSAPPGTPTQQPSTPQTPQPPAQPQPSPVSMSPAGFPSVARTQPPTTVSTGKPTSQVPAPPPPAQPPPAAVEAA
Q92793:74-179,LRGGSGSSINPGIGNVSASSPVQQGLGGQAQGQPNSANMASLSAMGKSPLSQGDSSAPSLPKQAASTSGPTPAASQALNPQAQKQVGLATSSPATSQTGPGICMNA
Q92793:2294-2433,RILQQQQMKQQIGSPGQPNPMSPQQHMLSGQPQASHLPGQQIATSLSNQVRSPAPVQSPRPQSQPPHSSPSPRIQPQPSPHHVSPQTGSPHPGLAVTMASSIDQGHLGNPEQSAMLPQLNTPSRSALSSELSLVGDTTGD
Q92793:2112-2263,QPGMQPQPGLQSQPGMQPQPGMHQQPSLQNLNAMQAGVPRPGVPPQQQAMGGLNPQGQALNIMNPGHNPNMASMNPQYREMLRRQLLQQQQQQQQQQQQQQQQQQGSAGMAGGMAGHGQFQQPQGPGGYPPAMQQQQRMQQHLPLQGSSMGQ
Q92793:794-1083,LPQNQFPSSSGAMSVGMGQPPAQTGVSQGQVPGAALPNPLNMLGPQASQLPCPPVTQSPLHPTPPPASTAAGMPSLQHTTPPGMTPPQPAAPTQPSTPVSSSGQTPTPTPGSVPSATQTQSTPTVQAAAQAQVTPQPQTPVQPPSVATPQSSQQQPTPVHAQPPGTPLSQAAASIDNRVPTPSSVASAETNSQQPGPDVPVLEMKTETQAEDTEPDPGESKGEPRSEMMEEDLQGASQVKEETDIAEQKSEPMEVDEKKPEVKVEVKEEEESSSNGTASQSTSPSQPRKK
Q02790:421-459,EENKAKAEASSGDHPTDTEMKEEQKSNTAGSQSQVETEA
P80723:1-227,MGGKLSKKKKGYNVNDEKAKEKDKKAEGAATEEEGTPKESEPQAAAEPAEAKEGKEKPDQDAEGKAEEKEGEKDAAAAKEEAPKAEPEKTEGAAEAKAEPPKAPEQEQAAPGPAAGGEAPKAAEAAAAPAESAAPAAGEEPSKEEGEPKKTEAPAAPAAQETKSDGAPASDSKPGSSEAAPSSKETPAATEAPSSTPKAQGPAASAEEPKPVEAPAANSDQTVTVKE
P02458:97-1237,SGQPGPKGQKGEPGDIKDIVGPKGPPGPQGPAGEQGPRGDRGDKGEKGAPGPRGRDGEPGTPGNPGPPGPPGPPGPPGLGGNFAAQMAGGFDEKAGGAQLGVMQGPMGPMGPRGPPGPAGAPGPQGFQGNPGEPGEPGVSGPMGPRGPPGPPGKPGDDGEAGKPGKAGERGPPGPQGARGFPGTPGLPGVKGHRGYPGLDGAKGEAGAPGVKGESGSPGENGSPGPMGPRGLPGERGRTGPAGAAGARGNDGQPGPAGPPGPVGPAGGPGFPGAPGAKGEAGPTGARGPEGAQGPRGEPGTPGSPGPAGASGNPGTDGIPGAKGSAGAPGIAGAPGFPGPRGPPGPQGATGPLGPKGQTGEPGIAGFKGEQGPKGEPGPAGPQGAPGPAGEEGKRGARGEPGGVGPIGPPGERGAPGNRGFPGQDGLAGPKGAPGERGPSGLAGPKGANGDPGRPGEPGLPGARGLTGRPGDAGPQGKVGPSGAPGEDGRPGPPGPQGARGQPGVMGFPGPKGANGEPGKAGEKGLPGAPGLRGLPGKDGETGAAGPPGPAGPAGERGEQGAPGPSGFQGLPGPPGPPGEGGKPGDQGVPGEAGAPGLVGPRGERGFPGERGSPGAQGLQGPRGLPGTPGTDGPKGASGPAGPPGAQGPPGLQGMPGERGAAGIAGPKGDRGDVGEKGPEGAPGKDGGRGLTGPIGPPGPAGANGEKGEVGPPGPAGSAGARGAPGERGETGPPGPAGFAGPPGADGQPGAKGEQGEAGQKGDAGAPGPQGPSGAPGPQGPTGVTGPKGARGAQGPPGATGFPGAAGRVGPPGSNGNPGPPGPPGPSGKDGPKGARGDSGPPGRAGEPGLQGPAGPPGEKGEPGDDGPSGAEGPPGPQGLAGQRGIVGLPGQRGERGFPGLPGPSGEPGKQGAPGASGDRGPPGPVGPPGLTGPAGEPGREGSPGADGPPGRDGAAGVKGDRGETGAVGAPGAPGPPGSPGPAGPTGKQGDRGEAGAQGPMGPSGPAGARGIQGPQGPRGDKGEAGEPGERGLKGHRGFTGLQGLPGPPGPSGDQGASGPAGPSGPRGPPGPVGPSGKDGANGIPGPIGPPGPRGRSGETGPAGPPGNPGPPGPPGPPGPGIDMSAFAGLGPREKGPDPLQ
Q96IF1:1-172,MERLGEKASRLLEKFGRRKGESSRSGSDGTPGPGKGRLSGLGGPRKSGPRGATGGPGDEPLEPAREQGSLDAERNQRGSFEAPRYEGSFPAGPPPTRALPLPQSLPPDFRLEPTAPALSPRSSFASSSASDASKPSSPRGSLLLDGAGAGGAGGSRPCSNRTSGISMGYDQR
Q14195:506-570,LTTTPKGGTPAGSARGSPTRPNPPVRNLHQSGFSLSGTQVDEGVRSASKRIVAPPGGRSNITSLS
O00499:280-354,TVKAQPSDNAPAKGNKSPSPPDGSPAATPEIRVNHEPEPAGGATPGATLPKSPSQLRKGPPVPPPPKHTPSKEVK
O00499:400-488,PVTSPVKAPTPSGQSIPWDLWEPTESPAGSLPSGEPSAAEGTFAVSWPSQTAEPGPAQPAEASEVAGGTQPAAGAQEPGETAASEAASS
Q9P287:1-52,MASRSKRRAVESGVPQPPDPPVQRDEEEEKEVENEDEDDDDSDKEKDEEDEV
Q8IZ52:37-100,PCGPGPPQPGDSELPPRGNTNAARRPNSVQPGAEREKPGAGEGAGENWEPRVLPYHPAQPGQAA
O95817:532-575,ADKGKKNAGNAEDPHTETQQPEATAAATSNPSSMTDTPGNPAAP
O95817:123-200,RTEAAAAAPQRSQSPLRGMPETTQPDKQCGQVAAAAAAQPPASHGPERSQSPAASDCSSSSSSASLPSSGRSSLGSHQ
O95817:1-92,MSAATHSPMMQVASGNGDRDPLPPGWEIKIDPQTGWPFFVDHNSRTTTWNDPRVPSEGPKETPSSANGPSREGSRLPPAREGHPVYPQLRPG
O95817:248-421,HKIQGDDWEPRPLRAASPFRSSVQGASSREGSPARSSTPLHSPSPIRVHTVVDRPQQPMTHRETAPVSQPENKPESKPGPVGPELPPGHIPIQVIRKEVDSKPVSQKPPPPSEKVEVKVPPAPVPCPPPSPGPSAVPSSPKSVATEERAAPSTAPAEATPPKPGEAEAPPKHPG
Q9UDT6:1-71,MQKPSGLKPPGRGGKHSSPMGRTSTGSASSSAAVAASSKEGSPLHKQSSGPSSSPAAAAAPEKPGPKAAEV
Q7Z3E2:1-43,MSETDHIASTSSDKNVGKTPELKEDSCNLFSGNESSKLENESK
Q7Z3E2:702-749,RRKLDQVESGSYDKEVSSMGSRSSSSGSLNARSSAEDRSPENTGSSVA
Q96EP5:77-112,GRNIDPKPCTPRGMQPERTRPKEGWQKGPRSDNSKS
Q96EP5:185-407,VKRAEPRDSKSQAPGQPGASQWGSRVVPNAANGWAGQPPPTWQQGYGPQGMWVPAGQAIGGYGPPPAGRGAPPPPPPFTSYIVSTPPGGFPPPQGFPQGYGAPPQFSFGYGPPPPPPDQFAPPGVPPPPATPGAAPLAFPPPPSQAAPDMSKPPTAQPDFPYGQYAGYGQDLSGFGQGFSDPSQQPPSYGGPSVPGSGGPPAGGSGFGRGQNHNVQGFHPYRR
P50502:256-300,KAREEHERAQREEEARRQSGAQYGSFPGGFPGGMPGNFPGGMPGM
P50502:38-97,MGGKVPPATQKAKSEENTKEEKPDSKKVEEDLKADEPSSEESDLEIDKEGVIEPDTDAPQ
Q5HYJ3:144-243,EQRKSLGSSHSNSSSSSLTEKDQHHPKHHHHHHHHHHRHSSSHHKISNLSPEEEQGLWKQSHKSSATIQNETPKKKPKLESKPSNGDSSSINQSADSGGT
P09429:161-215,AYRAKGKPDAAKKGVVKAEKSKKKKEEEEDEEDEEDEEEEEDEEDEDEEEDDDDE
Q96AE4:548-580,QAQPPPAAPAGAPTTTQTNGQGDQQNPAPAGQV
Q96AE4:44-94,KIGGDAGTSLNSNDYGYGGQKRPLEDGDQPDAKKVAPQNDSFGTQLPPMHQ
Q96AE4:447-532,IGGPVNPLGPPVPHGPHGVPGPHGPPGPPGPGTPMGPYNPAPYNPGPPGPAPHGPPAPYAPQGWGNAYPHWQQQAPPDPAKAGTDP
O15347:161-200,KSKGKFDGAKGPAKVARKKVEEEDEEEEEEEEEEEEEEDE
Q7Z5L9:437-494,GSHASKDANQVHSTTRRNSNSPPSPSSMNQRRLGPREVGGQGAGNTGGLEPVHPASLP
Q7Z5L9:126-192,PPRLGSDFGSSRPAASLAQPPTPQPPPVNGILVPNGFSKLEEPPELNRQSPNPRRGHAVPPTLVPLM
Q7Z5L9:342-420,NGANGSKAVARTARKRKPSPEPEGEVGPPKINGEAQPWLSTSTEGLKIPMTPTSSFVSPPPPTASPHSNRTTPPEAAQN
Q7Z5L9:225-306,GSAQPTDLGAHKRPASVSSSAAVEHEQREAAAKEKQPPPPAHRGPADSLSTAAGAAELSAEGAGKSRGSGEQDWVNRPKTVR
Q92598:803-858,PKPKIESPKLERTPNGPNIDKKEEDLEDKNNFGAEPPHQNGECYPNEKNSVNMDLD
Q92598:500-584,KVPTEENEMSSEADMECLNQRPPENPDTDKNVQQDNSEAGTQPQVQTDAQQTSQSPPSPELTSEENKIPDADKANEKKVDQPPEA
P24534:80-115,GPADVEDTTGSGATDSKDDDDIDLFGSDDEEESEEA
O43583:72-106,NSPKQEAGISEGQGTAGEEEEKKKQKRGGRGQIKQ
Q17RN3:313-349,PDRGGRPNELEPPMPTWRSRREDGGPQCWGRKKKKKK
Q12904:107-146,SGTKEQIKGGTGDEKKAKEKIEKKGEKKEKKQQSIAGSAD
Q9BYV8:89-137,QRLEDNDSAASDPDAETTARTNGKGNPGEQSPSPEQFINNAGAGDSSRS
Q9BYV8:311-373,EYYLEEEQGPADHPSRLNQANSSGRESKVPGARSAQNLPGGGPASHSNPRSLSSGHLQGKPWK
Q92945:392-425,SLRSGPPGPPGGPGMPPGGRGRGRGQGNWGPPGG
Q92945:501-569,PVGPGPGGPGPAGPMGPFNPGPFNQGPPGAPPHAGGPPPHQYPPQGWGNTYPQWQPPAPHDPSKAAAAA
Q92945:583-711,YYQQPPGPVPGPAPAPAAPPAQGEPPQPPPTGQSDYTKAWEEYYKKIGQQPQQPGAPPQQDYTKAWEEYYKKQAQVATGGGPGAPPGSQPDYSAAWAEYYRQQAAYYGQTPGPGGPQPPPTQQGQQQAQ
Q92945:1-146,MSDYSTGGPPPGPPPPAGGGGGAGGAGGGPPPGPPGAGDRGGGGPGGGGPGGGSAGGPSQPPGGGGPGIRKDAFADAVQRARQIAAKIGGDAATTVNNSTPDFGFGGQKRQLEDGDQPESKKLASQGDSISSQLGPIHPPPRTSMT
P39748:330-380,KSRQGSTQGRLDDFFKVTGSLSSAKRKEPEPKGSTKKKAKTGAAGKFKRGK
O60869:33-63,RRGEDVETSKKWAAGQNKQHSITKNTAKLDR
P49840:449-483,AGTTTLTPSSQALTETPTSSDWQSTDATPTLTNSS
P49840:1-92,MSGGGPSGGGPGGSGRARTSSFAEPGGGGGGGGGGPGGSASGPGGTGGGKASVGAMGGGVGASSSGGGPGGSGGGGSGGPGAGTSFPPPGVK
O43318:302-338,CQYSDEGQSNSATSTGSFMDIASTNTSNKSDTNMEQV
O43318:354-391,KNQAKQQSESGRLSLGASRGSSVESLPPTSEGKRMSAD
O43318:443-493,LTVTGTEPGQVSSRSSSPSVRMITTSGPTSEKPTRSHPWTPDDSTDTNGSD
Q14696:188-234,QVYPGKGGGSKEKNKTKQDKGKKKKEGDLKSRSSKEENRAGNKREDL
Q14696:31-95,SCAAEGSPGTPDESTPPPRKKKKDIRDYNDADMARLLEQWEKDDDIEEGDLPEHKRPSAPVDFSK
Q9H1B7:515-556,SRAPSAPPGTGALPPAAPSGRGAAASLRKRKASPEPPDSAEG
Q9H1B7:585-698,GFAAPGHAAGGPPPPPPPLGPHSNRTTPPESAPQNGPSPMAALMSVADTLGTAHSPKDGSSVHSTTASARRNSSSPVSPASVPGQRRLASRNGDLNLQVAPPPPSAHPGMDQVH
Q9H1B7:174-345,PPPPVSLGSSSHTARLPNGLGGPNGFPKPTPEEGPPELNRQSPNSSSAAASVASRRGTHGGLVTGLPNPGGGGGPQLTVPPNLLPQTLLNGPASAAVLPPPPPHALGSRGPPTPAPPGAPGGPACLGGTPGVSATSSSASSSTSSSVAEVGVGAGGKRPGSVSSTDQERELK
Q96SI1:1-32,MPHRKERPSGSSLHTHGSTGTAEGGNMSRLSL
Q13442:1-117,MPKGGRKGGHKGRARQYTSPEEIDAQLQAEKQKAREEEEQKEGGDGAAGDPKKEKKSLDSDESEDEEDDYQQKRKGVEGLIDIENPNRVAQTTKKVTQLDLDGPKELSRREREEIEK
Q9BW62:101-182,PPVPAEHRAPPQIRRPNREVRPLRKEMAGVGARGPVGRAHPISKSEKPSTSRDKDYRARGRDDKGRKNMQDGASDGEMPKFD
Q9H074:1-114,MSDGFDRAPGAGRGRSRGLGRGGGGPEGGGFPNGAGPAERARHQPPQPKAPGFLQPPPLRQPRTTPPPGAQCEVPASPQRPSRPGALPEQTRPLRAPPSSQDKIPQQNSESAMA
P14314:234-264,LQTHPELDTDGDGALSEAEAQALLSGDTQTD
P14314:281-357,RSEALPTDLPAPSAPDLTEPKEEQPPVPSSPTEEEEEEEEEEEEEAEEEEEEEDSEEAPPPLSPPQPASPAEEDKMP
O14964:718-777,LPSQDASLPPQQPYIAGQQPMYQQMAPSGGPPQQQPPVAQQPQAQGPPAQGSEAQLISFD
O14964:338-403,KQEEARKSPTPSAPVPLTEPAAQPGEGHAAPTNVVENPLPETDSQPIPPSGGPFSEPQFHNGESEE
O14964:223-319,AEGKATSTTELPPEYLTSPLSQQSQLPPKRDETALQEEEELQLALALSQSEAEEKERLRQKSTYTSYPKAEPMPSASSAPPASSLYSSPVNSSAPLA
P41227:178-235,NKVESKGNSPPSSGEACREEKGLAAEDSGGDSKDLSEVSETTESTDVKDSSEASDSAS
O14745:114-156,QEAPGQAEPPAAAEVQGAGNENEPREADKSHPEQRELRPRLCT
O14745:277-358,ALESPRPALVRSASSDTSEELNSQDSPPKQDSTAPSSTSSSDPILDFNISLAMAKERAHQKRSSKRAPQMDWSKKNELFSNL
Q9Y3E1:99-203,YQAIQQQSSSETEGEGGNTADASSEEEGDRVEEDGKGKRKNEKAGSKRKKSYTSKKSSKQSRKSPGDEDDKDCKEEENKSSSEGGDAGNDTRNTTSDLQKTSEGT
Q7L1V2:1-106,MEVGGDTAAPAPGGAEDLEDTQFPSEEAREGGGVHAVPPDPEDEGLEETGSKDKDQPPSPSPPPQSEALSSTSRLWSPAAPENSPTCSPESSSGGQGGDPSDEEWR
Q15185:123-160,FSEMMNNMGGDEDVDLPEVDGADDDSQDSDDEKMPDLE
P53999:1-64,MPKSKELVSSSSSGSDSDSEVDKKLKRKKQVAPEKPVKKQKTGETSRALSSSKQSSSSRDDNMF
Q9UN37:75-106,RSKEKHGKKPVKENQSEGKGSDSDSEGDNPEK
P13051:1-68,MIGQKTLYSFFSPSPARKRHAPSPEPAVQGTGVAGVPEESGDAAAIPAKKAPAGQEEPGTPPSSPLSA
Q99536:1-40,MSDEREVAEAATGEDASSPPPKTEAASDPQHPAASEGAAA
P14859:1-34,MNNPSETSKPSMESGDGNTGTQTNGLDFQKQPVP
P14859:494-557,VTGTSDTTSNNTATVISTAPPASSAVTSPSLSPSPSASASTSEASSASETSTTQTTSTPLSSPL
Q8NFW8:1-42,MDSVEKGAATSVSNPRGRPSRGRPPKLQRNSRGGQGRGVEKP
Q9Y5N6:188-232,REPGDVATPPRKRKKIVVEAPAKEMEKVEEMPHKPQKDEDLTQDY
Q9BVG4:167-233,GEKGVNNGGEKRADSGEEENTKNGGEKGADSGEEKEEGINREDKTDKGGEKGKEADKEINKSGEKAM
P23511:299-346,LHESRHRHAMARKRGEGGRFFSPKEKDSPHMQDPNQADEEAMTQIIRV
O00330:142-175,EIPKDVGPPPPVSKPSEPRPSPEPQISIPVKKEH
O00330:225-268,TGKITESRPTPAPTATPTAPSPLQATAGPSYPRPVIPPVSTPGQ
Q9UJA5:277-354,SEPKDSALVEESNGTLEEKQASEQENEDSMAEAPESNHPEDQETMETISQDPEHKGPKERGSKKDYIQEKQRRQEEQR
